https://www.royal.uk/speech-duchess-cambridge-royal-foundations-forum-early-years,2020
https://www.royal.uk/speech-duchess-cambridge-sportsaid-event-london-stadium,2020
https://www.royal.uk/speech-duchess-cambridge-opening-nook-children%E2%80%99s-hospice-norfolk-0,2019
https://www.royal.uk/speech-duchess-cambridge-opening-nook-children%E2%80%99s-hospice-norfolk,2019
https://www.royal.uk/speech-duchess-cambridge-%E2%80%98back-nature%E2%80%99-festival-rhs-wisley-garden,2019
https://www.royal.uk/speech-duchess-cambridge-action-addiction-gala-dinner,2019
https://www.royal.uk/speech-duchess-cambridge-foundling-museum-london,2019
https://www.royal.uk/remarks-duchess-cambridge-royal-foundation%E2%80%99s-%E2%80%98mental-health-education%E2%80%99-conference,2019
https://www.royal.uk/speech-duchess-cambridge-opening-va-dundee,2019
https://www.royal.uk/speech-duchess-cambridge-military-families-christmas-reception-london,2018
https://www.royal.uk/speech-duchess-cambridge-royal-foundations-symposium-early-intervention-children,2018
https://www.royal.uk/speech-duchess-cambridge-royal-foundation-forum,2018
https://www.royal.uk/speech-duchess-cambridge-launch-nursing-now-campaign-st-thomas-hospital-london,2018
https://www.royal.uk/duchess-cambridges-speech-launch-new-mental-health-project-young-children,2018
https://www.royal.uk/speech-duchess-cambridge-place2be-school-leaders-forum-london-0,2017
https://www.royal.uk/speech-duchess-cambridge-place2be-school-leaders-forum-london,2017
https://www.royal.uk/duchess-cambridge-gives-speech-national-history-museum,2017
https://www.royal.uk/speech-duchess-cambridge-best-beginnings-out-blue-film-series-launch,2017
https://www.royal.uk/speech-duchess-cambridge-place2be-big-assembly-childrens-mental-health-week,2017
https://www.royal.uk/speech-duke-and-duchess-cambridge-and-prince-harry-heads-together-event-london-2017,2017
https://www.royal.uk/speech-duchess-cambridge-place2be-awards,2016
https://www.royal.uk/speech-duke-and-duchess-cambridge-and-prince-harry-heads-together-world-mental-health-day,2016
https://www.royal.uk/message-duke-and-duchess-cambridge-and-prince-harry-team-gb,2016
https://www.royal.uk/duchess-cambridges-message-support-anna-freud-mental-health-podcast-series,2016
https://www.royal.uk/speech-duchess-cambridge-sportsaids-40th-anniversary-dinner,2016
https://www.royal.uk/speech-duke-and-duchess-cambridge-and-prince-harry-launch-heads-together,2016
https://www.royal.uk/speech-duchess-cambridge-place2be-headteacher-conference,2015
https://www.royal.uk/message-hrh-duke-cambridge-evening-standard-and-independents-homeless-veterans-campaign,2014
https://www.royal.uk/speech-duchess-cambridge-bear-cottage,2014
https://www.royal.uk/remarks-hrh-duchess-cambridge-national-portrait-gallery-gala-dinner,2014
https://www.royal.uk/speech-duchess-cambridge-action-addiction-manchester,2013
https://www.royal.uk/speech-hrh-duchess-cambridge-her-former-school-st-andrews-berkshire,2012
https://www.royal.uk/speech-hrh-duchess-cambridge-opening-treasures-exhibition-natural-history-museum,2012
https://www.royal.uk/speech-duchess-cambridge-hospis-malaysia,2012
https://www.royal.uk/speech-duchess-cambridge-each-hospice-ipswich,2012
