https://www.royal.uk/speech-duke-sussex-onside-awards-royal-albert-hall,2019
https://www.royal.uk/duke-sussexs-speech-wellchild-awards-2019,2019
https://www.royal.uk/speech-delivered-duke-sussex-youth-employment-services-johannesburg,2019
https://www.royal.uk/speech-delivered-duke-sussex-queen%E2%80%99s-commonwealth-canopy-dedication-malawi,2019
https://www.royal.uk/speech-duke-sussex-visit-princess-diana-orthopaedic-centre-huambo-angola,2019
https://www.royal.uk/speech-delivered-duke-sussex-halo-trust-minefield-dirico-angola,2019
https://www.royal.uk/speech-delivered-duchess-sussex-visit-justice-desk-nyanga-township-south-africa,2019
https://www.royal.uk/speech-duke-sussex-visit-justice-desk-cape-town-south-africa,2019
https://www.royal.uk/speech-duke-sussex-invictus-games-foundation-5th-anniversary-event,2019
https://www.royal.uk/duke-sussexs-speech-launch-travalyst-amsterdam,2019
https://www.royal.uk/speech-delivered-duke-sussex-chatham-house-africa-programme-event,2019
https://www.royal.uk/speech-delivered-duke-sussex-founder%E2%80%99s-day,2019
https://www.royal.uk/speech-delivered-duke-sussex-opening-game-icc-men%E2%80%99s-cricket-world-cup-2019,2019
https://www.royal.uk/duke-sussexs-speech-we-day-uk,2019
https://www.royal.uk/speech-duke-sussex-endeavour-fund-awards,2019
https://www.royal.uk/speech-duke-sussex-commonwealth-youth-roundtable,2019
https://www.royal.uk/speech-duke-sussex-circus-zambia-queen%E2%80%99s-commonwealth-trust-event-lusaka,2018
https://www.royal.uk/speech-duke-sussex-visit-te-papaiouru-marae,2018
https://www.royal.uk/speech-duke-sussex-queens-commonwealth-canopy-dedication-fiji,2018
https://www.royal.uk/speech-duke-sussex-state-dinner-hosted-his-excellency-president-fiji,2018
https://www.royal.uk/speech-duke-sussex-queens-commonwealth-canopy-dedication-k%E2%80%99gari-fraser-island,2018
https://www.royal.uk/speech-duke-sussex-invictus-games-sydney-2018-opening-ceremony,2018
https://www.royal.uk/speech-duke-sussex-picnic-park-dubbo,2018
https://www.royal.uk/speech-duke-sussex-welcome-reception-hosted-governor-general,2018
https://www.royal.uk/duke-sussexs-speech-coach-core-awards,2018
https://www.royal.uk/speech-duke-sussex-international-aids-conference,2018
https://www.royal.uk/speech-duke-sussex-glencairn,2018
https://www.royal.uk/speech-duke-sussex-reception-mark-commonwealth-youth-challenge,2018
https://www.royal.uk/speech-given-duke-sussex-final-queens-young-leaders-reception,2018
https://www.royal.uk/speech-duke-sussex-prince-wales-patronage-celebration-buckingham-palace-0,2018
https://www.royal.uk/speech-duke-sussex-prince-wales-patronage-celebration-buckingham-palace,2018
https://www.royal.uk/speech-prince-harry-launch-walk-america,2018
https://www.royal.uk/speech-prince-harry-veterans-mental-health-conference-0,2018
https://www.royal.uk/speech-prince-harry-veterans-mental-health-conference,2018
https://www.royal.uk/speech-prince-harry-silverstone-northamptonshire,2018
https://www.royal.uk/speech-prince-harry-royal-foundation-forum,2018
https://www.royal.uk/speech-prince-harry-endeavour-fund-awards-2018,2018
https://www.royal.uk/speech-prince-harry-mind-media-awards,2017
https://www.royal.uk/prince-harry-gives-speech-coach-core-graduation,2017
https://www.royal.uk/prince-harry-gives-speech-wellchild-awards,2017
https://www.royal.uk/speech-prince-harry-attitude-awards-london,2017
https://www.royal.uk/prince-harrys-speech-reception-celebrate-impact-heads-together,2017
https://www.royal.uk/duke-cambridge-and-prince-harrys-speech-reception-celebrate-impact-heads-together,2017
https://www.royal.uk/prince-harry-launches-new-partnership-mod-improve-mental-health-armed-forces,2017
https://www.royal.uk/prince-harry-gives-speech-we-day-incivtus-games-toronto,2017
https://www.royal.uk/speech-prince-harry-canadian-institute-military-and-veteran-mental-health-research-conference,2017
https://www.royal.uk/speech-prince-harry-toronto-invictus-games-2017,2017
https://www.royal.uk/prince-harry-delivers-message-queen-raf-honnington,2017
https://www.royal.uk/prince-harry-gives-speech-mental-health-leeds-community-foundation,2017
https://www.royal.uk/prince-harry-gives-speech-queens-young-leaders-awards,2017
https://www.royal.uk/prince-harry-launches-2018-invictus-games,2017
https://www.royal.uk/speech-prince-harry-reception-held-halo-trust-and-mag-kensington-palace,2017
https://www.royal.uk/speech-delivered-prince-harry-nepal-bicentennial-reception-london,2017
https://www.royal.uk/speech-prince-harry-heads-together-training-day-newcastle,2017
https://www.royal.uk/speech-duke-and-duchess-cambridge-and-prince-harry-heads-together-event-london-2017,2017
https://www.royal.uk/speech-duke-cambridge-and-prince-harry-2016-endeavour-fund-award-ceremony,2017
https://www.royal.uk/message-her-majesty-queen-people-barbados-50th-anniversary-independance,2016
https://www.royal.uk/speech-prince-harry-concert-celebrating-50-years-independence-barbados,2016
https://www.royal.uk/speech-prince-harry-queens-commonwealth-canopy-dedication-st-lucia,2016
https://www.royal.uk/speech-prince-harry-youth-rally-and-queens-commonwealth-canopy-dedication-st-kitts-and-nevis,2016
https://www.royal.uk/message-queen-antigua-and-barbuda-its-35th-anniversary-independence,2016
https://www.royal.uk/speech-duke-and-duchess-cambridge-and-prince-harry-heads-together-world-mental-health-day,2016
https://www.royal.uk/speech-prince-harry-coach-core-apprenticeship-scheme-celebrates-its-nationwide-expansion,2016
https://www.royal.uk/speech-prince-harry-wellchild-awards-2016,2016
https://www.royal.uk/message-duke-and-duchess-cambridge-and-prince-harry-team-gb,2016
https://www.royal.uk/speech-prince-harry-international-aids-conference-durban,2016
https://www.royal.uk/prince-harry-speech-sentebale-concert-kensington-palace,2016
https://www.royal.uk/speech-duke-and-duchess-cambridge-and-prince-harry-launch-heads-together,2016
https://www.royal.uk/prince-harrys-speech-closing-ceremony-orlando-invictus-games,2016
https://www.royal.uk/prince-harry-speech-opening-ceremony-invictus-games-orlando,2016
https://www.royal.uk/prince-harry-speaks-toronto-ahead-2017-invictus-games,2016
https://www.royal.uk/prince-harrys-speech-sentebale-royal-salute-polo-cup-florida,2016
https://www.royal.uk/speech-prince-harry-girl-summit-kathmandu,2016
https://www.royal.uk/speech-prince-harry-nelson-mandela-centre-memory,2015
https://www.royal.uk/speech-prince-harry-south-african-wildlife-college-kruger-national-park-south-africa,2015
https://www.royal.uk/speech-prince-harry-official-opening-sentebales-mamohato-childrens-centre-lesotho,2015
https://www.royal.uk/prince-harrys-speech-queens-birthday-party-sao-paulo,2015
https://www.royal.uk/speech-prince-harry-endeavour-fund-reception,2015
https://www.royal.uk/speech-prince-harry-fort-belvoir,2015
https://www.royal.uk/speech-prince-harry-invictus-games-ambassadors-residence-washington-dc,2015
https://www.royal.uk/speech-hrh-prince-harry-rugby-world-cup-reception-buckingham-palace,2015
https://www.royal.uk/speech-prince-harry-2015-wellchild-awards,2015
https://www.royal.uk/speech-duke-cambridge-welsh-rugby-union-rwc2015-cap-presentation,2015
https://www.royal.uk/speech-prince-harry-rugby-world-cup-opening-ceremony,2015
https://www.royal.uk/speech-hrh-prince-harry-rugby-world-cup-welcome-reception,2015
https://www.royal.uk/prince-harrys-address-reflections-camp-bastion-service-dedication-bastion-memorial-national-memorial,2015
https://www.royal.uk/speech-prince-harry-patron-map-action-reception,2015
https://www.royal.uk/speech-prince-harry-launch-webb-ellis-tour-marking-100-days-go-until-rugby-world-cup,2015
https://www.royal.uk/speech-prince-harry-reception-emergency-services-new-zealand,2015
https://www.royal.uk/speech-hrh-prince-harry-putiki-marae-whanganui,2015
https://www.royal.uk/prince-harrys-reading-lone-pine-australian-service-centenary-gallipoli-campaign,2015
https://www.royal.uk/reading-prince-harry-letter-written-unidentified-member-canterbury-mounted-rifles-17-august-1915,2015
https://www.royal.uk/speech-prince-harry-walking-wounded-walk-britain-launch,2015
https://www.royal.uk/speech-prince-harry-coach-core-graduation-ceremony-st-jamess-palace,2015
https://www.royal.uk/speech-hrh-prince-harry-bbc-sports-personality-year-introduce-invictus-team-who-won-helen-rollason,2014
https://www.royal.uk/speech-prince-harry-sentebale-polo-cup-abu-dhabi,2014
https://www.royal.uk/speech-hrh-prince-harry-raf-honington,2014
https://www.royal.uk/speech-prince-harry-100-women-hedge-funds-gala-dinner,2014
https://www.royal.uk/speech-prince-harry-wellchild-awards,2014
https://www.royal.uk/speech-hrh-prince-harry-closing-ceremony-invictus-games-london,2014
https://www.royal.uk/speech-prince-harry-queens-young-leaders-launch,2014
https://www.royal.uk/speech-prince-harry-queens-birthday-party-british-ambassadors-residence-santiago,2014
https://www.royal.uk/speech-prince-harry-unveiling-winning-british-design-uk-pavilion-milan-expo-2015,2014
https://www.royal.uk/speech-prince-harry-riigikogu-estonia,2014
https://www.royal.uk/speech-prince-harry-about-invictus-games-september-bt-tower-london,2014
https://www.royal.uk/speech-prince-harry-sentebale-summer-party-london,2014
https://www.royal.uk/speech-prince-harry-we-day-wembley-arena-london,2014
https://www.royal.uk/speech-prince-harry-centre-blast-injuries-imperial-college-london,2013
https://www.royal.uk/speech-prince-harry-dinner-american-friends-royal-foundation-duke-and-duchess-cambridge-and-prince,2013
https://www.royal.uk/speech-prince-harry-sentebale-polo-cup,2013
https://www.royal.uk/speech-prince-harry-aid-halo-trust-british-ambassadors-residence-washington,2013
https://www.royal.uk/speech-prince-harry-launch-south-pole-allied-challenge-walking-wounded,2013
https://www.royal.uk/speech-prince-harry-sentebale-gala-dinner-johannesburg,2013
https://www.royal.uk/speech-prince-harry-wellchild-awards-london,2012
https://www.royal.uk/speech-hrh-prince-harry-atlantic-council-after-receiving-humanitarian-award-his-work-veterans,2012
https://www.royal.uk/speech-prince-harry-great-campaign-brazil,2012
https://www.royal.uk/speech-prince-harry-royal-bahamian-defence-force-bahamas,2012
https://www.royal.uk/speech-prince-harry-university-west-indies-law-facility-jamaica,2012
https://www.royal.uk/speech-prince-harry-victoria-jubilee-hospital,2012
https://www.royal.uk/speech-prince-harry-state-dinner-kings-house-kingston,2012
https://www.royal.uk/speech-prince-harry-youth-rally-nassau-bahamas,2012
https://www.royal.uk/speech-prince-harry-open-diamond-jubilee-exhibition-bahamas,2012
https://www.royal.uk/speech-prince-harry-diamond-jubilee-street-naming-ceremony-belize,2012
https://www.royal.uk/speech-prince-harry-sun-military-awards,2011
https://www.royal.uk/speech-prince-harry-2011-wellchild-awards-london,2011
https://www.royal.uk/speech-prince-harry-introduce-zulu-war-talks-st-jamess-palace-london,2011
https://www.royal.uk/speech-hrh-prince-harry-sentebale-polo-cup-coworth-park-berkshire,2011
https://www.royal.uk/speech-hrh-prince-harry-founders-day-royal-hospital-chelsea,2011
https://www.royal.uk/speech-prince-harry-reception-friends-forces,2010
https://www.royal.uk/speech-prince-harry-veuve-clicquot-polo-classic-governors-island-new-york,2010
https://www.royal.uk/speech-prince-harry-sentebale-reception-greenwich-country-club-connecticut-usa,2010
https://www.royal.uk/speech-prince-harry-hms-intrepid-support-welfare-american-and-british-men-and-women-uniform,2010
https://www.royal.uk/speech-prince-harry-launch-sentebale-cup-barbados,2010
https://www.royal.uk/speech-prince-harry-reception-mark-three-years-sentebale,2009
https://www.royal.uk/message-prince-william-and-prince-harry-armed-forces-day,2009
https://www.royal.uk/speech-prince-harry-third-annual-lesotho-links-conference-cardiff,2008
https://www.royal.uk/speech-prince-harry-open-dolen-cymru-lesotho-exhibition-national-museum-wales-cardiff,2008
https://www.royal.uk/speech-following-death-diana-princess-wales,1997
