https://www.royal.uk/message-duke-cambridge-following-death-duke-edinburgh,2021
https://www.royal.uk/speech-duke-cambridge-police-training-college-northern-irelan,2020
https://www.royal.uk/open-letter-written-duke-cambridge-mark-air-ambulance-week-2020-0,2020
https://www.royal.uk/speech-duke-cambridge-virtual-meeting-united-wildlife-taskforces,2020
https://www.royal.uk/speech-duke-cambridge-museum-literature-dublin,2020
https://www.royal.uk/speech-duke-cambridge-reception-metropolitan-and-city-police-orphans-fund,2020
https://www.royal.uk/speech-duke-cambridge-uk-africa-investment-summit,2020
https://www.royal.uk/message-duke-cambridge-people-oman,2020
https://www.royal.uk/speech-duke-cambridge-tusk-conservation-awards,2019
https://www.royal.uk/speech-duke-cambridge-centrepoint-50th-anniversary-gala,2019
https://www.royal.uk/speech-duke-cambridge-londons-air-ambulance-charity-gala,2019
https://www.royal.uk/speech-duke-cambridge-launch-national-emergencies-trust,2019
https://www.royal.uk/speech-delivered-duke-cambridge-reception-hosted-british-high-commissioner-pakistan,2019
https://www.royal.uk/speech-duke-cambridge-naming-ceremony-rrs-sir-david-attenborough,2019
https://www.royal.uk/speech-duke-cambridge-opening-bafta-piccadilly,2019
https://www.royal.uk/speech-delivered-duke-cambridge-child-bereavement-uk-25th-birthday-gala-dinner,2019
https://www.royal.uk/speech-delivered-duke-cambridge-launch-new-river-thames-safety-campaign,2019
https://www.royal.uk/speech-delivered-duke-cambridge-united-wildlife-joint-taskforce-meeting,2019
https://www.royal.uk/speech-duke-cambridge-al-noor-mosque-christchurch-new-zealand,2019
https://www.royal.uk/speech-duke-cambridge-meeting-michelin-dundee-action-group,2019
https://www.royal.uk/speech-duke-cambridge-sovereign%E2%80%99s-parade-sandhurst,2018
https://www.royal.uk/speech-duke-cambridge-raf-akrotiri-cyprus,2018
https://www.royal.uk/speech-duchess-cambridge-military-families-christmas-reception-london,2018
https://www.royal.uk/speech-duke-cambridge-king-power-stadium-leicester,2018
https://www.royal.uk/speech-duke-cambridge-football-peace-graduation-ceremony,2018
https://www.royal.uk/speech-duke-cambridge-social-media-and-cyberbullying-bbc-broadcasting-house-london,2018
https://www.royal.uk/speech-duke-cambridge-2018-tusk-conservation-awards-london,2018
https://www.royal.uk/speech-duke-sussex-invictus-games-sydney-2018-closing-ceremony,2018
https://www.royal.uk/speech-duke-cambridge-elephant-protection-initiative-consultative-group-meeting-battersea,2018
https://www.royal.uk/speech-duke-cambridge-illegal-wildlife-trade-conference-battersea-evolution-london,2018
https://www.royal.uk/speech-duke-cambridge-illegal-wildlife-trade-conference-opening-reception,2018
https://www.royal.uk/speech-duke-cambridge-united-wildlife-financial-taskforce-declaration-signing,2018
https://www.royal.uk/speech-duke-cambridge-british-high-commissioners-residence-windhoek,2018
https://www.royal.uk/duke-cambridges-speech-during-inaugural-skillforce-prince-william-award-graduation-ceremony,2018
https://www.royal.uk/speech-duke-cambridge-opening-japan-house-london,2018
https://www.royal.uk/duke-cambridges-speech-launch-mental-health-work-initiative,2018
https://www.royal.uk/speech-duke-cambridge-battle-amiens-centenary-commemorations,2018
https://www.royal.uk/speech-given-duke-cambridge-queens-birthday-party-jordan,2018
https://www.royal.uk/speech-duke-cambridge-handover-defence-national-rehab-centre-nation,2018
https://www.royal.uk/speech-duke-cambridge-international-business-festival-forum-liverpool,2018
https://www.royal.uk/speech-duke-cambridge-reception-royal-marsden-trust,2018
https://www.royal.uk/speech-delivered-duke-cambridge-workplace-wellbeing-conference,2018
https://www.royal.uk/speech-duke-cambridge-royal-foundation-forum,2018
https://www.royal.uk/speech-duke-cambridge-royal-palace-norway,2018
https://www.royal.uk/speech-duke-cambridge-fotografiska-sweden,2018
https://www.royal.uk/speech-duke-cambridge-charity-commission-annual-public-meeting,2018
https://www.royal.uk/speech-duke-cambridge-national-launch-step-health-london,2018
https://www.royal.uk/duke-cambridge-gives-speech-first-day-royalvisitfinland,2017
https://www.royal.uk/speech-duke-cambridge-launch-pledge150-campaign-london,2017
https://www.royal.uk/speech-duke-cambridge-royal-foundations-cyberbullying-taskforce-youtube-space-london,2017
https://www.royal.uk/duke-cambridge-gives-speech-tusk-trust-ball,2017
https://www.royal.uk/duke-cambridge-gives-speech-new-zealand-national-commemoration-battle-passchendaele,2017
https://www.royal.uk/speech-duke-cambridge-world-mental-health-day-reception-buckingham-palace,2017
https://www.royal.uk/duke-cambridge-and-prince-harrys-speech-reception-celebrate-impact-heads-together,2017
https://www.royal.uk/duke-cambridge-gives-speech-launch-2018-international-business-festival,2017
https://www.royal.uk/duke-cambridges-speech-celebrations-mark-50th-anniversary-milton-keynes,2017
https://www.royal.uk/duke-cambridge-gives-speech-national-mental-health-and-policing-conference,2017
https://www.royal.uk/reading-duke-cambridge-last-post-ceremony-belgium,2017
https://www.royal.uk/speech-duke-cambridge-queens-birthday-garden-party-berlin,2017
https://www.royal.uk/duke-cambridges-speech-queens-birthday-garden-party-poland,2017
https://www.royal.uk/speech-duke-cambridge-british-embassy-paris,2017
https://www.royal.uk/speech-duke-cambridge-launch-skillforce-prince-william-award,2017
https://www.royal.uk/speech-duke-cambridge-guild-health-writers-conference,2017
https://www.royal.uk/speech-duke-and-duchess-cambridge-and-prince-harry-heads-together-event-london-2017,2017
https://www.royal.uk/speech-duke-cambridge-and-prince-harry-2016-endeavour-fund-award-ceremony,2017
https://www.royal.uk/speech-duke-cambridge-heads-together-unilever-conference,2016
https://www.royal.uk/speech-duke-cambridge-tusk-awards-2016,2016
https://www.royal.uk/speech-duke-cambridge-third-international-conference-illegal-wildlife-trade,2016
https://www.royal.uk/speech-duke-cambridge-kensington-memorial-park,2016
https://www.royal.uk/speech-duke-cambridge-argylls-and-sutherland-highlanders-museum,2016
https://www.royal.uk/speech-duke-and-duchess-cambridge-and-prince-harry-heads-together-world-mental-health-day,2016
https://www.royal.uk/speech-delivered-duke-cambridge-100-women-hedge-funds-gala-dinner-aid-skillforce,2016
https://www.royal.uk/speech-duke-cambridge-launch-canadas-contribution-queens-commonwealth-canopy,2016
https://www.royal.uk/speech-duke-cambridge-tusks-time-change-event-shard-london,2016
https://www.royal.uk/speech-duke-cambridge-stewards-academy-harlow-essex,2016
https://www.royal.uk/speech-duke-cambridge-nrw-70th-anniversary-gala-dusseldorf,2016
https://www.royal.uk/message-duke-and-duchess-cambridge-and-prince-harry-team-gb,2016
https://www.royal.uk/speech-duke-cambridge-founders-forum-2016,2016
https://www.royal.uk/speech-duke-cambridge-patrons-lunch-mall,2016
https://www.royal.uk/duke-cambridges-speech-royal-marsden-ralph-lauren-centre-breast-cancer-research,2016
https://www.royal.uk/speech-duke-and-duchess-cambridge-and-prince-harry-launch-heads-together,2016
https://www.royal.uk/duke-cambridges-speech-weston-library-oxford,2016
https://www.royal.uk/speech-duke-cambridge-blavatnik-school-government,2016
https://www.royal.uk/speech-duke-cambridge-queens-brithday-reception-british-high-commision-india,2016
https://www.royal.uk/speech-duke-cambridge-arrival-reception-mumbai-india,2016
https://www.royal.uk/speech-duke-cambridge-fa-presidents-lunch,2016
https://www.royal.uk/duke-cambridges-speech-united-wildlife-transport-taskforce-declaration-signing,2016
https://www.royal.uk/duke-cambridges-speech-foreign-and-commonwealth-office,2016
https://www.royal.uk/speech-duke-cambridge-tusk-conservation-awards-2015,2015
https://www.royal.uk/speech-duke-cambridge-launch-centrepoint-awards,2015
https://www.royal.uk/speech-duke-cambridge-illegal-wildlife-trade-chinese-television,2015
https://www.royal.uk/speech-duke-cambridge-child-bereavement-charity-uk-21st-anniversary-dinner,2015
https://www.royal.uk/speech-hrh-duke-cambridge-tusks-25th-anniversary-ball,2015
https://www.royal.uk/speech-duke-cambridge-jewish-cares-25th-anniversary-dinner,2015
https://www.royal.uk/speech-duke-cambridge-football-association-ahead-fa-cup-final,2015
https://www.royal.uk/speech-duke-cambridge-tusk-trust-25th-anniversary-dinner,2015
https://www.royal.uk/speech-hrh-duke-cambridge-about-illegal-wildlife-trade-botanical-gardens-xishuangbanna-china,2015
https://www.royal.uk/speech-duke-cambridge-opening-great-festival-shanghai,2015
https://www.royal.uk/duke-cambridges-speech-innovation-great-event-tokyo-japan,2015
https://www.royal.uk/speech-hrh-duke-cambridge-unveiling-football-remembers-memorial,2014
https://www.royal.uk/duke-cambridges-comments-united-wildlife-reception-new-york,2014
https://www.royal.uk/speech-hrh-duke-cambridge-st-andrews-university-600th-anniversary-dinner-metropolitan-museum-art-new,2014
https://www.royal.uk/duke-cambridges-speech-illegal-wildlife-trade-world-bank-washington-dc-usa,2014
https://www.royal.uk/duke-cambridges-speech-tusk-awards-london,2014
https://www.royal.uk/speech-hrh-duke-cambridge-skillforce-10th-anniversary-gala-dinner,2014
https://www.royal.uk/speech-hrh-duke-cambridge-independence-day-celebrations-malta,2014
https://www.royal.uk/speech-hrh-duke-cambridge-world-war-one-centenary-commemorations-cointe-inter-allied-memorial-li%C3%A8ge,2014
https://www.royal.uk/speech-hrh-duke-cambridge-imperial-war-museum-first-world-war-galleries-opening,2014
https://www.royal.uk/message-duke-cambridge-about-fields-trusts-centenary-fields-campaign,2014
https://www.royal.uk/speech-hrh-duke-cambridge-launch-fields-trust-centenary-fields-programme-war-memorial-park-coventry,2014
https://www.royal.uk/speech-duke-cambridge-queens-young-leaders-launch,2014
https://www.royal.uk/speech-hrh-duke-cambridge-australia-house,2014
https://www.royal.uk/speech-hrh-duke-cambridge-royal-marsden-hospital-dinner,2014
https://www.royal.uk/speech-duke-cambridge-parliament-house-canberra,2014
https://www.royal.uk/speech-duke-cambridge-sydney-opera-house,2014
https://www.royal.uk/speech-hrh-duke-cambridge-government-house-wellington-new-zealand,2014
https://www.royal.uk/speech-hrh-duke-cambridge-wigram-air-force-museum,2014
https://www.royal.uk/remarks-hrh-duke-cambridge-bafta-awards-2014,2014
https://www.royal.uk/remarks-duke-cambridge-united-wildlife-symposium,2014
https://www.royal.uk/speech-hrh-duke-cambridge-reception-mark-london-conference-illegal-wildlife-trade,2014
https://www.royal.uk/speech-hrh-duke-cambridge-bafta-give-something-back-campaign-launch,2013
https://www.royal.uk/speech-duke-cambridge-football-associations-150th-anniversary-dinner,2013
https://www.royal.uk/speech-hrh-duke-cambridge-fas-grassroots-heroes-event-buckingham-palace,2013
https://www.royal.uk/speech-hrh-duke-cambridge-tusk-conservation-awards-2013,2013
https://www.royal.uk/speech-hrh-duke-cambridge-anglesey-show-anglesey,2013
https://www.royal.uk/speech-duke-cambridge-uefa-congress,2013
https://www.royal.uk/speech-duke-cambridge-end-wildlife-crime-conference-st-jamess-palace,2013
https://www.royal.uk/speech-duke-cambridge-tedworth-house,2013
https://www.royal.uk/speech-duke-cambridge-inauguration-warner-bros-studios-leavesden,2013
https://www.royal.uk/speech-hrh-duke-cambridge-donald-dewar-leisure-centre-glasgow,2013
https://www.royal.uk/video-message-duke-cambridge-cites-about-wildlife-conservation,2013
https://www.royal.uk/speech-duke-cambridge-winter-whites-gala-2012,2012
https://www.royal.uk/speech-hrh-duke-cambridge-university-cambridge,2012
https://www.royal.uk/speech-duke-cambridge-university-st-andrews-600th-anniversary-appeal-dinner-middle-temple-hall,2012
https://www.royal.uk/speech-hrh-duke-cambridge-25th-anniversary-dinner-october-club-aid-st-giles-trust,2012
https://www.royal.uk/speech-duke-cambridge-opening-st-georges-park,2012
https://www.royal.uk/speech-duke-cambridge-lunch-british-malaysian-chamber-commerce-kuala-lumpur-convention-centre,2012
https://www.royal.uk/speech-duke-cambridge-istana-singapore,2012
https://www.royal.uk/speech-duke-cambridge-rolls-royce-campus-seletar-singapore,2012
https://www.royal.uk/speech-hrh-duke-cambridge-vernon-park-nottingham-0,2012
https://www.royal.uk/speech-duke-cambridge-imperial-war-museum-london,2012
https://www.royal.uk/duke-cambridge-makes-speech-uk-premiere-african-cats,2012
https://www.royal.uk/speech-hrh-duke-cambridge-war-horse-uk-premiere,2012
https://www.royal.uk/article-hrh-duke-cambridge-telegraph-about-skillforce-uk,2011
https://www.royal.uk/speech-hrh-duke-cambridge-national-memorial-arboretum-appeal-dinner,2011
https://www.royal.uk/speech-hrh-duke-cambridge-child-bereavement-charity-fundraising-event-hosted-100-women-hedge-funds,2011
https://www.royal.uk/speech-hrh-duke-cambridge-opening-oak-centre-children-and-young-people-royal-marsden-hospital-surrey,2011
https://www.royal.uk/speech-hrh-duke-cambridge-service-nation-mission-serve,2011
https://www.royal.uk/speech-hrh-duke-cambridge-belasco-theatre-bafta,2011
https://www.royal.uk/speech-hrh-duke-cambridge-foundation-polo-cup-santa-barbara-polo-and-racquet-club,2011
https://www.royal.uk/speech-hrh-duke-cambridge-yellowknife-northwest-territories-canada,2011
https://www.royal.uk/speech-hrh-duke-cambridge-charlottetown-prince-edward-island,2011
https://www.royal.uk/speech-hrh-duke-cambridge-freedom-city-ceremony-quebec-city-canada,2011
https://www.royal.uk/speech-hrh-duke-cambridge-during-their-royal-highnesses-official-welcome-canada,2011
https://www.royal.uk/speech-hrh-duke-cambridge-canada-day-noon-day-celebrations-parliament-hill-ottawa,2011
https://www.royal.uk/speech-hrh-duke-cambridge-1st-battalion-irish-guards-windsor,2011
https://www.royal.uk/speech-hrh-duke-cambridge-mark-partnership-between-ark-and-foundation-prince-william-and-prince,2011
https://www.royal.uk/speech-hrh-prince-william-memorial-service-christchurch-new-zealand,2011
https://www.royal.uk/speech-prince-william-st-andrews-university-scotland,2011
https://www.royal.uk/speech-prince-william-trearddur-bay-lifeboat-station-anglesey,2011
https://www.royal.uk/article-hrh-prince-william-wales-street-news-service,2010
https://www.royal.uk/speech-hrh-prince-william-football-executives-zurich-2018-england-world-cup-bid,2010
https://www.royal.uk/article-sunday-telegraph-prince-william-appeal-national-memorial-arboretum,2010
https://www.royal.uk/article-prince-william-sun-fields-trust,2010
https://www.royal.uk/article-hrh-prince-william-wales-about-bomber-command-part-royal-air-force-during-second-world-war,2010
https://www.royal.uk/speech-prince-william-100-women-hedge-funds-gala-event,2010
https://www.royal.uk/speech-hrh-prince-william-wales-royal-society-presence-queen,2010
https://www.royal.uk/speech-hrh-prince-william-wales-opening-new-help-4-heroes-rehabilitation-centre-headley-court,2010
https://www.royal.uk/speech-hrh-prince-william-fa-cup-respect-and-fair-play-awards-wembley-stadium-london,2010
https://www.royal.uk/speech-hrh-prince-william-wales-exhibition-positive-view-2010-somerset-house-london,2010
https://www.royal.uk/speech-hrh-prince-william-wales-orange-british-academy-film-awards-bafta,2010
https://www.royal.uk/speech-hrh-prince-william-wales-new-zealand-supreme-court,2010
https://www.royal.uk/speech-hrh-prince-william-wales-celebrate-20-years-tusk-trust,2010
https://www.royal.uk/speech-hrh-prince-william-wales-sun-newspaper%E2%80%99s-military-awards-millies-london,2009
https://www.royal.uk/speech-hrh-prince-william-becoming-master-bench-middle-temple-london,2009
https://www.royal.uk/message-prince-william-and-prince-harry-armed-forces-day,2009
https://www.royal.uk/article-prince-william-armed-forces-supplement-sunday-telegraph,2009
https://www.royal.uk/speech-hrh-prince-william-opening-whitechapel-gallery-london,2009
https://www.royal.uk/speech-prince-william-national-memorial-arboretum,2009
https://www.royal.uk/speech-prince-william-reception-child-bereavement-charity-london,2009
https://www.royal.uk/speech-prince-william-mark-40-years-youth-homelessness-charity-centrepoint-st-jamess-palace-london,2009
https://www.royal.uk/speech-prince-william-annual-passing-out-parade-hendon-police-training-college-hendon-london,2009
https://www.royal.uk/speech-prince-william-launch-centrepoints-40th-anniversary-year-hsbc-offices-london,2008
https://www.royal.uk/speech-following-death-diana-princess-wales,1997
